"31473","CAR SAFE DELUXE KOFFERRAUMSCHUTZDECKE 165 X 126 CM + 79 X 49 CM","4016598314739","65"
"512078","HUNDERAMPE GENTLE STEP 70X39X14CM","5411290161794","89"
"57051","ABSTANDSHALTER KOFFERRAUMBELÜFTUNG 12 CM","4016598570517","5,99"
"31472","AUTO- SCHONDECKE 144 x 142 CM 'CAR STAR' WITH BAGS","4016598314722","34,95"
"87049","HUNDERAMPE KLAPPBAR 120 X 30 X 6 CM","4016598870495","65"
"60210","CAR-GUARD 130 x 110 CM  GRAU AUTOSCHUTZDECKE","4016598602102","19,99"
"57008","AUTOSCHUTZGITTER B90-140CM  H65-110CM SCHWARZ / CHROM","4016598570081","39,99"
"57028","VERBINDUNGSSTÜCK 25 MM  SCHWARZ  FÜR SICHERHEITSGESCHIRR","4016598570289","8,99"
"5283060","WALKY BARRIER SCHUTZGITTER 37 CM x 41 CM","8019808112305","89"
"57021","AUTOSICHERHEITSGESCHIRR GRÖßE S  SCHWARZ 35 - 50 CM","4016598570210","16,99"
"57022","AUTOSICHERHEITSGESCHIRR GRÖßE M  SCHWARZ 40 - 60 CM","4016598570227","19,99"
"57023","AUTOSICHERHEITSGESCHIRR GRÖßE L  SCHWARZ 50 - 70 CM","4016598570234","21,99"
"57024","AUTOSICHERHEITSGESCHIRR GRÖßE XL  SCHWARZ 60 - 110 CM","4016598570241","23,99"
"57025","AUTOSICHERHEITSGESCHIRR GRÖßE XS  SCHWARZ 25 - 40 CM","4016598570258","14,99"
"31616","SPORT BUGGY NO LIMIT TEFLON®  SCHWARZ-GRAU 123 X57X105CM","4016598316160","179"
"68093","TRAGETASCHE ENGLISH STYLE 43 X 24 X 29CM","4016598680933","55"
"31395","SHOPPER DE LUXE NYLON  SCHWARZ 40 X 35 X 30 CM  S","4016598313954","89"
"31819","TRAGETASCHE DIVINA SCHWARZ  50x28x30 CM GROß","4016598318195","29,99"
"31818","TRAGETASCHE DIVINA SCHWARZ  40x26x26 CM KLEIN","4016598318188","24,99"
"31817","TRAGETASCHE GROß  50X27X31 CM ENGLISH STYLE","4016598318171","29,99"
"31816","TRAGETASCHE KLEIN  ENGLISH STYLE 40X26X26 CM","4016598318164","25,99"
"31605","DOGGY LINER ECONOMY 125 X 95 X 72 CM GRAU/SCHWARZ","4016598316054","149"
"31606","DOGGY LINER ECONOMY 125 X 95 X 72 CM ROT/GRAU","4016598316061","149"
"08389","DOGGY GUIDE FAHRRAD-FÜHRHALTER FÜR HUNDE","4016598083895","39,99"
"31619","DOGGY LINER DE LUXE TEFLON®  SCHWARZ-GRAU 148 X 90 X 88CM","4016598316191","219"
"31381","SMART TOP DE LUXE 76 X 51 X 48 CM  BEIGE/BRAUN HUNDE TRANSPORTBOX","4016598313817","105"
"31382","SMART TOP DE LUXE 91 X 61 X 58 CM  BEIGE/BRAUN HUNDE TRANSPORTBOX","4016598313824","125"
"31380","SMART TOP DE LUXE 61 X 46 X 43 CM  BEIGE/BRAUN HUNDE TRANSPORTBOX","4016598313800","85"
"08445","TRANSPORTB. CARGO TOP1 49X33 X30CM BLAU","4016598084458","17,99"
"31392","SMART TROLLEY CITY NYLON  SCHWARZ 32 X 29 X 52 CM","4016598313923","55"
"31442","TRANSPORTBOX ARAN 2 BORDEAUX/BEIGE 57 x 37 x 36 CM","8006751355934","39,99"
"31361","SMART TOP PLUS FALTBOX  SCHWARZ-GRAU 64 x 46 x 53 CM","4016598313619","55"
"31360","SMART TOP PLUS FALTBOX  SCHWARZ-GRAU 46 x 36 x 41 CM","4016598313602","39,99"
"31373","AUTHENTIC DOG SPORT FUTTERTASCHE 11 x 9 x 9CM  GRAU","4016598313732","4,99"
"68127","SNACK DUMMY TEFLON® 14 X 5CM  SCHWARZ/ROT","4016598681275","9,99"
"68129","SNACK DUMMY TEFLON® 29 X 8CM  SCHWARZ/ROT","4016598681299","12,99"
"68128","SNACK DUMMY TEFLON® 22 X 7CM  SCHWARZ/ROT","4016598681282","10,99"
"31844","TRIM TREAT FUTTERTASCHE  SCHWARZ 19 X 22 CM","4016598318447","15,99"
"47044","DOPPELCLICKER MIT BOOKLET ORANGE","4016598470442","5,99"
"05190","WURFKETTE ZUR DRESSUR 3 MM x 20 CM VERNICKELT","4016598051900","3,99"
"68635","DOGGY PRO TRAINING TOY  NYLON 33CM  ROT/ORANGE","4016598686355","8,99"
"47022","HOCHFREQUENZ HUNDEPFEIFE REICHWEITE BIS 450 M ","4016598470220","4,99"
"47021","HOCHFREQUENZ HUNDEPFEIFE REICHWEITE BIS 200 M ","4016598470213","2,99"
"45310","NYLON FRISBEE 24 CM NEONFARBEN","4016598453100","3,99"
"31808","DOGGY POOL BLAU/ROT 160 x 30CM","4016598318089","139"
"31809","DOGGY POOL COVER ROT DIAMETER 160 CM","4016598318096","27,99"
"53026","NYLONMAULKORB GRÖßE 5 ","4016598530269","7,49"
"53033","MAULKORB COMFORT GRÖßE 3  16-20 CM SCHWARZ","4016598530337","7,99"
"53034","MAULKORB COMFORT GRÖßE 4  17-21 CM SCHWARZ","4016598530344","7,99"
"53032","MAULKORB COMFORT GRÖßE 2  15-19 CM SCHWARZ","4016598530320","6,99"
"53031","MAULKORB COMFORT GRÖßE 1  13-17 CM SCHWARZ","4016598530313","6,99"
"53037","MAULKORB COMFORT GRÖßE 7  21-26 CM SCHWARZ","4016598530375","9,99"
"53038","MAULKORB COMFORT GRÖßE 8  22-27 CM SCHWARZ","4016598530382","9,99"
"53035","MAULKORB COMFORT GRÖßE 5  18-23 CM SCHWARZ","4016598530351","8,99"
"15257","ADRESSTUBE VERCHROMT  36 MM AUF KARTE","4016598152577","4,99"
"15215","ADRESSTUBE SILBER MIT STRASSSTEINEN 15 X 8 MM","4016598152157","7,99"
"15217","ADRESSTUBE SILBER MIT STRASSSTEINEN 30 X 12 MM","4016598152171","10,99"
"45906","MOOSGUMMIBALL 9 CM SCHWARZ/WEISS","4016598459065","6,49"
"44950","HUNDESPIELZEUG SCHLEUDER JUTE UND BAUMWOLLE 24 CM  NATURE","4016598449509","4,99"
"45439","AQUA ACTIONBALL SCHWARZ/GELB  13 CM ","4016598454398","9,99"
"46939","HUNDESPIELZEUG TPR MOTIVATIONSSTICK HELLBLAU/GRÜN  38CM","4016598469392","9,99"
"48694","GOOD4FUN SPIELZEUG SAFETY STÖCKCHEN ORANGE TPR 48CM","4016598486948","14,99"
"45881","WELPENSPIELZEUG PUPPY BEAR 10x6x10 CM ","4016598458815","5,49"
"45745","WELPENSPIELZEUG LATEXSCHNULLER  12 CM ","4016598457450","5,99"
"45742","WELPENSPIELZEUG LATEX SNEAKER 12 CM","4016598457429","6,49"
"46460","PUPPY SPIELZEUG KNOCHEN 35 X 8 X 3 CM","4016598464601","5,99"
"46458","PUPPY SPIELZEUG BALL DURCHMESSER 7 CM","4016598464588","4,99"
"45842","HUND STUPS 30 CM MIT SQUEEKER","4016598458426","9,99"
"45795","HUND ALAIN  PLÜSCH 19 CM  BEIGE/SCHWARZ ","4016598457955","8,99"
"45383","HUND FLOCKI  FROTTEE 21 CM ","4016598453834","6,49"
"45787","HUND BASTI F. WELPEN M. BLAUEM + ROSAFARB. BEIßRING  CA. 30 CM","4016598457870","14,99"
"46980","HUNDESPIELZEUG HASE GIRL 20CM","4016598469804","7,99"
"46982","HUNDESPIELZEUG HASE BOY 20CM","4016598469828","7,99"
"45677","TENNIS BALL MIT SEIL 8 CM 30 : 15","4016598456774","3,99"
"45675","TENNISBALL 2 ER SET 6 CM 30 : 15","4016598456750","3,99"
"45306","LATEXHUHN 22 CM ","4016598453063","4,49"
"45302","LATEXHUHN 15 CM ","4016598453025","3,29"
"45320","LATEXHUHN 52 CM ","4016598453209","8,49"
"47876","LATEXSCHWEIN PINK  22 CM MIT SQUEEKER","4016598478769","8,79"
"47878","LATEXSCHWEIN PINK  33 CM MIT SQUEEKER","4016598478783","14,99"
"47756","DOGGY BRAIN TRAIN MOTION 25 X 25 X 5 CM","4016598477564","22,99"
"47720","DOGGY BRAIN TRAIN SHELL GAME 18  X 18CM 1-SEITIG","4016598477205","9,99"
"47757","DOGGY BRAIN TRAIN CUBE 32 X 32 X 5 CM","4016598477571","26,99"
"47480","DOGGY BRAIN TRAIN 25 CM DURCHMESSER 2-SEITIG","4016598474808","24,99"
"47481","DOGGY BRAIN TRAIN 32 CM DURCHMESSER 2-SEITIG","4016598474815","34,99"
"47755","DOGGY BRAIN TRAIN DISCOVER 25 X 25 X 4 CM","4016598477557","19,99"
"64905","SOFT FRISBEE GELB DURCHMESSER 22CM","4016598649053","9,99"
"44993","BAUMWOLLSPIELZEUG OCTOPUS 8 x 10 CM  ORANGE/GRAU","4016598449936","9,99"
"45194","SPIELSEIL  BAUMWOLLE 5 KNOTEN  CA. 95 CM ","4016598451946","14,99"
"45190","BAUMWOLLKNOTEN ZUR ZAHNPFLEGE  CA. 20 CM BUNT","4016598451908","1,59"
"45192","BAUMWOLLKNOTEN ZUR ZAHNPFLEGE  CA. 37 CM BUNT","4016598451922","4,29"
"45806","BAUMWOLLBALL MIT SCHLAUFE 6 CM 50 CM","4016598458068","4,49"
"45809","BAUMWOLLBALL 8 CM ","4016598458099","4,99"
"44979","HUNDESPIELZEUG HUNDEWURF  LILA/WEIß 45CM  BOOMER","4016598449790","9,99"
"46863","FUTTERBALL  VOLLGUMMI 7CM  VANILLE AROMA PINK/SCHWARZ","4016598468630","9,99"
"45859","BOOMER AQUA RING  VOLLGUMMI 15 CM  SCHWIMMEND BOOMER  ORANGE","4016598458594","11,99"
"45855","BOOMER AQUA FOOTBALL  VOLLG. 9 CM SCHWIMMEND BOOMER  ORANGE","4016598458556","8,99"
"56501","NATURHAARBÜRSTE KLEIN  17 CM PERFECT CARE","4016598565018","7,99"
"56502","NATURHAARBÜRSTE GROß  23 CM PERFECT CARE","4016598565025","11,49"
"55470","BABYBÜRSTE  PERFECT CARE","4016598554708","8,49"
"56505","DOPPELBÜRSTE 23 CM M. SCHUTZKAPPEN PERFECT CARE","4016598565056","9,99"
"56504","DOPPELBÜRSTE 17 CM M. SCHUTZKAPPEN PERFECT CARE","4016598565049","7,49"
"56514","SOFTZUPFBÜRSTE KLEIN  14 CM PERFECT CARE","4016598565148","6,99"
"56517","SOFTZUPFBÜRSTE EXTRA GROß  20 CM PERFECT CARE","4016598565179","10,99"
"56515","SOFTZUPFBÜRSTE MITTEL  16 CM PERFECT CARE","4016598565155","7,99"
"56516","SOFTZUPFBÜRSTE GROß  18 CM PERFECT CARE","4016598565162","8,99"
"56519","ZUPFBÜRSTE MIT SCHUTZKAPPEN PERFECT CARE","4016598565193","10,99"
"56518","ZUPFBÜRSTE SCHUTZK. U. BORSTEN PERFECT CARE","4016598565186","10,99"
"39411","ZITRONENÖL SHAMPOO 200 ML PERFECT CARE","4016598394113","3,99"
"39466","PFOTENSCHUTZ 100 ML  IM TIEGEL PERFECT CARE","4016598394663","6,99"
"39405","WELPENSHAMPOO 200 ML PERFECT CARE","4016598394052","4,49"
"39472","ALOE VERA SHAMPOO 200 ML PERFECT CARE","4016598394724","4,49"
"39401","BASISPFLEGE SHAMPOO 200 ML PERFECT CARE","4016598394014","3,49"
"39421","TEERSHAMPOO 200 ML PERFECT CARE","4016598394212","3,99"
"39437","RINGELBLUMEN-HONIGSHAMPOO 200 ML PERFECT CARE","4016598394373","3,99"
"08327","PUPPY PADS BIG BOX FÜR PUPPY POTTY  24STCK  48 X 40 CM","4016598083277","12,99"
"08325","PUPPY PADS FÜR PUPPY POTTY 48 X 40 CM","4016598083253","3,49"
"08323","PUPPY POTTY  HUNDE WC 49 5 x 39 5 x 4 CM ","4016598083239","17,99"
"39474","PUPPY TRAINER 10 ML PERFECT CARE","4016598394748","3,99"
"56522","KARDÄTSCHE MIT MESSINGSTIFTEN  13 CM PERFECT CARE","4016598565223","10,99"
"56552","PFLEGEHANDSCHUH 25 CM PERFECT CARE","4016598565520","8,99"
"56565","UNTERWOLLKAMM 22 CM PERFECT CARE","4016598565650","7,99"
"56575","ENTWIRRUNGSKAMM 22 CM PERFECT CARE","4016598565759","7,99"
"56574","FLOHFÄNGER 22 CM PERFECT CARE","4016598565742","9,49"
"56573","STAUB- UND FLOHKAMM 13 CM PERFECT CARE","4016598565735","4,99"
"56572","NISSENKAMM 6 CM PERFECT CARE","4016598565728","4,69"
"56664","FURMASTER HUND / KLEIN PERFECT CARE","4016598566640","22,99"
"56666","FURMASTER HUND / GROSS PERFECT CARE","4016598566664","29,99"
"56644","FELLSCHERE 19 CM PERFECT CARE","4016598566442","12,49"
"12090","CLIPCLAP MAXIMA SCHERMASCHINEN SET 7 TEILIG  LEIST. 10 W","4016598120903","65"
"12121","SCHNEIDKOPF INKL. FÜHRUNGSSTÜCK CLIPCLAP MAXIMA #12090","4015110004134","38,99"
"12089","STARTERSET ZAHNBÜRSTE & -PASTE PERFECT CARE","4016598120897","4,99"
"12083","ZAHNPFLEGESET ZAHN-MASSAGEBÜRSTE PERFECT CARE","4016598120835","2,49"
"56655","PROFIKRALLENSCHERE 13 CM PERFECT CARE","4016598566558","6,49"
"08384","KOTSCHAUFEL ALU  GRÜN 35CM","4016598083840","8,99"
"15625","EASY BAG GRAU INKL. 5 X 20 KOTTÜTEN","4016598156254","7,99"
"08385","KOTSCHAUFEL GRAU 30CM","4016598083857","5,99"
"10093","TICK-JAC ZECKENHEBER 40 MM ","4016598100936","2,49"
"11111","DOGGY SHOWER BLAU FÜR GROßE HUNDE 100X61 6X50CM","4016598111116","119"
"39476","PFOTENFIX 500 ML PERFECT CARE","4016598394762","9,99"
"49051","LUXUS SCHUTZHOSE SCHWARZ (GRÖSSE 4) 60 - 70CM","4016598490518","10,49"
"49031","LUXUS SCHUTZHOSE SCHWARZ (GRÖSSE 2) 46 - 52CM","4016598490310","8,49"
"49041","LUXUS SCHUTZHOSE SCHWARZ (GRÖSSE 3) 53 - 59CM","4016598490419","9,49"
"49010","LUXUS SCHUTZHOSE SCHWARZ (GRÖSSE -1) 25 - 31CM","4016598490105","6,99"
"49061","LUXUS SCHUTZHOSE SCHWARZ (GRÖSSE 5) 71 - 78CM","4016598490617","10,99"
"49011","LUXUS SCHUTZHOSE SCHWARZ (GRÖSSE 0) 32 - 37CM","4016598490112","7,49"
"49021","LUXUS SCHUTZHOSE SCHWARZ (GRÖSSE 1) 38 - 45CM","4016598490211","7,99"
"47708","MICROFASERHANDSCHUH BLAU 23 CM","4016598477083","5,9"
"55507","MICROFASERTUCH 50 X 60 CM  IM DISPLAY PERFECT CARE","4016598555071","8,49"
"87051","HUNDEHAUS CLASSIC HUNDEHÜTTE 102CM X 85CM X 88CM","4016598870518","169"
"87050","HUNDEHAUS CLASSIC HUNDEHÜTTE 90CM X 80CM X 83CM","4016598870501","129"
"44038","REISENAPF AUS SILICON LILA  500 ML","4016598440384","4,99"
"44039","REISENAPF AUS SILICON LILA  1000 ML","4016598440391","6,99"
"44139","FUTTERBOX FÜR UNTERWEGS FÜR SNACKS + WASSER 12CM X 16CM","4016598441398","9,99"
"44022","TRAVELLER REISENAPF 36ER DISPLAY ","4016598440223","2,99"
"511969","EDELSTAHLNAPF BELLA MIT PFOTENMOTIV SCHWARZ  17CM","5411290153560","5,99"
"511975","EDELSTAHLNAPF BELLA MIT PFOTENMOTIV SCHWARZ  12CM","5411290153744","2,99"
"511967","EDELSTAHLNAPF BELLA MIT PFOTENMOTIV SCHWARZ  21CM","5411290153508","7,99"
"511971","EDELSTAHLNAPF BELLA MIT PFOTENMOTIV SCHWARZ  14CM","5411290153621","3,99"
"511973","EDELSTAHLNAPF BELLA MIT PFOTENMOTIV SCHWARZ  23CM","5411290153683","9,99"
"44254","NAPF HUND CA. 14 CM / 400 ML BLACK & WHITE","4016598442548","16,99"
"44255","NAPF HUND CA. 17 CM / 800 ML BLACK & WHITE","4016598442555","19,99"
"61196","KISSEN  OVAL TRACK  GRAU 50x40x4 CM","4016598611968","8,99"
"61200","KISSEN  OVAL TRACK  GRAU 90x66x4 CM","4016598612002","18,99"
"61197","KISSEN  OVAL TRACK  GRAU 60x50x4 CM","4016598611975","10,99"
"61198","KISSEN  OVAL TRACK  GRAU 70x56x4 CM","4016598611982","12,99"
"61207","KISSEN  OVAL TRACK  GRAU 110x80x4 CM","4016598612071","28,99"
"61199","KISSEN  OVAL TRACK  GRAU 80x62x4 CM","4016598611999","16,99"
"61205","KISSEN  OVAL TRACK  GRAU 100x76x4 CM","4016598612057","25,99"
"61208","KISSEN  OVAL TRACK  GRAU 120x84x4 CM","4016598612088","32,99"
"68811","FLEECY DECKE GRAU 75 x 100 CM","4016598688113","25,99"
"60733","MEDIFLEECE HEIMTIERDECKE  BEIGE 70 x 100 CM","4016598607336","14,99"
"61872","LIEGEDECKE QUEENY TEDDY 70 X 100 CM","4016598618721","29,99"
"62411","LIEGEDECKE COSY BEIGE 96 x 143 CM","4016598624111","11,99"
"61258","ORTHO BED  OVAL LIEGEBETT  GRAU 55 X 40 X 7CM","4016598612583","27,99"
"61259","ORTHO BED  OVAL LIEGEBETT  BRAUN 55 X 40 X 7CM","4016598612590","27,99"
"65971","ORTHO BED  ECKIG LIEGEBETT  BRAUN 100 X 65 X 12 CM","4016598659717","109"
"65970","ORTHO BED  ECKIG LIEGEBETT  BRAUN 72 X 50 X 10 CM","4016598659700","55"
"65972","ORTHO BED  ECKIG LIEGEBETT  BRAUN 120 X 72 X 12 CM","4016598659724","129"
"68414","ORTHO BED  OVAL LIEGEBETT 72 X 50 X 20 CM","4016598684146","79"
"68416","ORTHO BED  OVAL LIEGEBETT 120 X 72 X 24 CM","4016598684160","159"
"68415","ORTHO BED  OVAL LIEGEBETT 100 X 65 X 24 CM","4016598684153","129"
"60147","ORTHOMATTE 100X70CM WEISS-BRAUN","4016598601471","44,95"
"60146","ORTHOMATTE 80X50CM WEISS-BRAUN","4016598601464","27,95"
"60145","ORTHOMATTE 60X40CM WEISS-BRAUN","4016598601457","19,95"
"68411","ORTHO BED  ECKIG LIEGEBETT 72 X 50 X 10 CM","4016598684115","55"
"68412","ORTHO BED  ECKIG LIEGEBETT 100 X 65 X 12 CM","4016598684122","109"
"68413","ORTHO BED  ECKIG LIEGEBETT 120 X 72 X 12 CM","4016598684139","129"
"5258760","KISSEN  OVAL BLACKBAY  SCHWARZ 100 CM 100 X 75 X 15 CM","4002691587606","59"
"5258770","KISSEN  OVAL BLACKBAY  SCHWARZ 120 CM 120 X 90 X 16 CM","4002691587705","79"
"61482","SUPER DELUXE BED SCHWARZ  GESTEPPT 97 X 77 X 26 CM","4016598614822","139"
"61483","SUPER DELUXE BED SCHWARZ  GESTEPPT 115 X 87 X 36 CM","4016598614839","179"
"61481","SUPER DELUXE BED SCHWARZ  GESTEPPT 72 X 51 X 26 CM","4016598614815","89"
"511656","HUNDEBETT  ECKIG DREAMBAY  SCHWARZ 100CM 100 X 80 X 25CM 13 CM","5411290130011","79"
"511655","HUNDEBETT  ECKIG DREAMBAY  SCHWARZ 80CM 80 X 67 X 22 CM 12 CM","5411290129992","69"
"5258850","HUNDEBETT  ECKIG DREAMBAY  DUNKELBRAUN 100CM 100 X 80 X 25 CM 13 CM","4002691588504","79"
"5258840","HUNDEBETT  ECKIG DREAMBAY  DUNKELBRAUN 80 CM 80 X 67 X 22 CM  12 CM","4002691588405","69"
"5258220","KISSEN  OVAL BROWNBAY  DUNKELBRAUN 100 CM 100 X 75 X 15 CM","4002691582205","59"
"5258230","KISSEN  OVAL BROWNBAY  DUNKELBRAUNV 120 CM 120 X 90 X 16 CM","4002691582304","79"
"512436","HUNDEBETT  ECKIG DREAMBAY  DUNKELROT 80 CM 80 X 67 X 22 CM  12 CM","5411290175340","69"
"512437","HUNDEBETT  ECKIG DREAMBAY  DUNKELROT 100 CM 100 X 80 X 25 CM  13 CM","5411290175364","79"
"5258142","KISSEN  OVAL BORDEAUXBAY  DUNKELROT 120 CM 120 X 90 X 16 CM","5411290115650","79"
"5258141","KISSEN  OVAL BORDEAUXBAY  DUNKELROT 100 CM 100 X 75 X 15 CM","5411290115636","59"
"34570","EASY STEP HUNDETREPPE  BEIGE 43 X 41 X 29 CM","4016598345702","34,99"
"75794","PFOTENSCHUTZ-SCHUH TAPPIES  GRÖßE XL 2ER PACK","4016598757949","12,99"
"75792","PFOTENSCHUTZ-SCHUH TAPPIES  GRÖßE M 2ER PACK","4016598757925","9,99"
"75791","PFOTENSCHUTZ-SCHUH TAPPIES  GRÖßE S 2ER PACK","4016598757918","8,99"
"75795","PFOTENSCHUTZ-SCHUH TAPPIES  GRÖßE XXL 2ER PACK","4016598757956","13,99"
"75793","PFOTENSCHUTZ-SCHUH TAPPIES  GRÖßE L 2ER PACK","4016598757932","10,99"
"31376","AUTHENTIC DOG SPORT CA. 13 x 13 x 9 CM HANDYBAG  GRAU","4016598313763","7,99"
"51254","FLEXI CLASSIC COMPACT 3 5 M  BIS 60 KG SCHWARZ","4000498003749","32,99"
"51378","FLEXI CLASSIC COMPACT 3 5 M  BIS 60 KG BLAU","4000498003718","32,99"
"51369","FLEXI CLASSIC COMPACT 3 5 M  BIS 60 KG ROT","4000498003732","32,99"
"51214","FLEXI CLASSIC BASIC 2 5 M  BIS 20 KG SCHWARZ","4000498005149","12,99"
"51211","FLEXI CLASSIC BASIC 2 5 M  BIS 20 KG ROT","4000498005132","12,99"
"51482","FLEXI CLASSIC BASIC 2 5 M  BIS 20 KG PINK","4000498010211","12,99"
"51216","FLEXI CLASSIC BASIC 2 5 M  BIS 20 KG BLAU","4000498005118","12,99"
"51344","FLEXI CLASSIC LONG 1 7 M  BIS 12 KG SCHWARZ","4000498002353","14,99"
"51346","FLEXI CLASSIC LONG 1 7 M  BIS 12 KG BLAU","4000498002322","14,99"
"51341","FLEXI CLASSIC LONG 1 7 M  BIS 12 KG ROT","4000498002346","14,99"
"51303","FLEXI CLASSIC BASIC MINI 3 M  BIS 8 KG BLAU","4000498005415","8,99"
"51300","FLEXI CLASSIC BASIC MINI 3 M  BIS 8 KG ROT","4000498005439","8,99"
"51302","FLEXI CLASSIC BASIC MINI 3 M  BIS 8 KG SCHWARZ","4000498005446","8,99"
"51306","FLEXI CLASSIC BASIC MINI 3 M  BIS 8 KG PINK","4000498005453","8,99"
"67450","ART LEATHER PLUS LEINE 11MM 110CM SCHWARZ PARIS","4016598674505","8,99"
"67455","ART LEATHER PLUS LEINE 11MM 110CM HELLROSA  PARIS","4016598674550","8,99"
"67457","ART LEATHER PLUS LEINE 11MM 110CM WEISS  PARIS","4016598674574","8,99"
"67497","ART LEATHER PLUS FÜHRLEINE 11MM 200CM WEISS  PARIS","4016598674970","13,99"
"67490","ART LEATHER PLUS FÜHRLEINE 11MM 200CM SCHWARZ  PARIS","4016598674901","13,99"
"67505","ART LEATHER PLUS FÜHRLEINE 14MM 200CM HELLROSA  PARIS","4016598675052","17,99"
"67507","ART LEATHER PLUS FÜHRLEINE 14MM 200CM WEISS  PARIS","4016598675076","17,99"
"67495","ART LEATHER PLUS FÜHRLEINE 11MM 200CM HELLROSA  PARIS","4016598674956","13,99"
"67500","ART LEATHER PLUS FÜHRLEINE 14MM 200CM SCHWARZ PARIS","4016598675007","17,99"
"67180","ART LEATHER PLUS HALSBAND 14MM 32CM SCHWARZ  MT.CARLO","4016598671801","10,99"
"67175","ART LEATHER PLUS HALSBAND 14MM 27CM HELLROSA  MT.CARLO","4016598671757","8,99"
"67895","ART LEATHER PLUS HALSBAND 14MM 37CM HELLROSA MT.CARLO","4016598678954","11,99"
"67185","ART LEATHER PLUS HALSBAND 14MM 32CM HELLROSA  MT.CARLO","4016598671856","10,99"
"67890","ART LEATHER PLUS HALSBAND 14MM 37CM SCHWARZ MT.CARLO","4016598678909","11,99"
"67195","ART LEATHER PLUS HALSBAND 16MM 42CM HELLROSA  MT.CARLO","4016598671955","12,99"
"67177","ART LEATHER PLUS HALSBAND 14MM 27CM WEISS  MT.CARLO","4016598671771","8,99"
"67190","ART LEATHER PLUS HALSBAND 16MM 42CM SCHWARZ  MT.CARLO","4016598671900","12,99"
"67210","ART LEATHER PLUS HALSBAND 22MM 50CM SCHWARZ  MT.CARLO","4016598672105","23,99"
"67197","ART LEATHER PLUS HALSBAND 16MM 42CM WEISS  MT.CARLO","4016598671979","12,99"
"67187","ART LEATHER PLUS HALSBAND 14MM 32CM WEISS  MT.CARLO","4016598671870","10,99"
"67200","ART LEATHER PLUS HALSBAND 22MM 45CM SCHWARZ  MT.CARLO","4016598672006","20,99"
"67170","ART LEATHER PLUS HALSBAND 14MM 27CM SCHWARZ  MT.CARLO","4016598671702","8,99"
"67897","ART LEATHER PLUS HALSBAND 14MM 37CM WEISS MT.CARLO","4016598678978","11,99"
"65451","ART BUFFALO HALSBAND  18MMX35CM SCHWARZ","4016598654514","6,49"
"65460","ART BUFFALO HALSBAND  30MMX50CM SCHWARZ","4016598654606","8,99"
"65457","ART BUFFALO HALSBAND  18MMX45CM SCHWARZ","4016598654576","7,49"
"65463","ART BUFFALO HALSBAND  30MMX55CM SCHWARZ","4016598654637","10,49"
"65454","ART BUFFALO HALSBAND  18MMX40CM SCHWARZ","4016598654545","6,99"
"69671","XTREME GESCHIRR TEFLON®  SCHWARZ 40MM x 57-70CM","4016598696712","24,99"
"69672","XTREME GESCHIRR TEFLON®  SCHWARZ 38MM x 65-85CM","4016598696729","26,99"
"69670","XTREME GESCHIRR TEFLON®  SCHWARZ 25MM x 44-55CM","4016598696705","19,99"
"69673","XTREME GESCHIRR TEFLON®  SCHWARZ 50MM x 70-87CM","4016598696736","32,99"
"69674","XTREME GESCHIRR TEFLON®  SCHWARZ 50MM x 80-109CM","4016598696743","34,99"
"01837","RONDO HALSBAND BRAUN 22MM 37CM UNTERLEGT  GENÄHT","4016598018378","15,99"
"01839","RONDO HALSBAND BRAUN 27MM 47CM UNTERLEGT  GENÄHT","4016598018392","18,99"
"01842","RONDO HALSBAND BRAUN  32MM 62CM UNTERLEGT  GENÄHT","4016598018422","24,99"
"01840","RONDO HALSBAND BRAUN 27MM 52CM UNTERLEGT  GENÄHT","4016598018408","19,99"
"01838","RONDO HALSBAND BRAUN 24MM 42CM UNTERLEGT  GENÄHT","4016598018385","16,99"
"01841","RONDO HALSBAND BRAUN 32MM 57CM UNTERLEGT  GENÄHT","4016598018415","22,99"
"01836","RONDO HALSBAND BRAUN 22MM 32CM UNTERLEGT  GENÄHT","4016598018361","14,99"
"02266","RONDO HALSBAND SCHWARZ  32CM 10MM MIT TUCH ROT","4016598022665","8,95"
"02270","RONDO HALSBAND SCHWARZ  32CM 10MM MIT TUCH BLAU","4016598022702","8,95"
"02260","RONDO HALSBAND SCHWARZ  27CM 10MM MIT TUCH BLAU","4016598022603","7,95"
"02280","RONDO HALSBAND SCHWARZ  37CM 12MM MIT TUCH BLAU","4016598022801","9,95"
"02290","RONDO HALSBAND SCHWARZ  42CM 16MM MIT TUCH BLAU","4016598022900","10,95"
"02276","RONDO HALSBAND SCHWARZ  37CM 12MM MIT TUCH ROT","4016598022764","9,95"
"02296","RONDO HALSBAND SCHWARZ  47CM 18MM MIT TUCH ROT","4016598022962","11,95"
"02310","RONDO HALSBAND SCHWARZ  52CM 20MM MIT TUCH BLAU","4016598023105","13,95"
"02256","RONDO HALSBAND SCHWARZ  27CM 10MM MIT TUCH ROT","4016598022566","7,95"
"02306","RONDO HALSBAND SCHWARZ  52CM 20MM MIT TUCH ROT","4016598023068","13,95"
"02286","RONDO HALSBAND SCHWARZ  42CM 16MM MIT TUCH ROT","4016598022863","10,95"
"02300","RONDO HALSBAND SCHWARZ  47CM 18MM MIT TUCH BLAU","4016598023006","11,95"
"06001","RONDO FÜHRLEINE BRAUN  12MM 200CM GENIETET","4016598060018","20,99"
"06034","RONDO FÜHRLEINE SCHWARZ 18MM 200CM GENIETET","4016598060346","31,99"
"06014","RONDO FÜHRLEINE SCHWARZ 12MM 200CM GENIETET","4016598060148","20,99"
"06091","RONDO FÜHRLEINE BRAUN  18MM 200CM GENIETET","4016598060919","31,99"
"06181","RONDO FÜHRLEINE BRAUN  18MM 240CM GENÄHT  M.AUSWECHSELB. HAKEN","4016598061817","47,99"
"06191","RONDO FÜHRLEINE BRAUN  22MM 240CM GENÄHT  M.AUSWECHSELB. HAKEN","4016598061916","55"
"06107","RONDO FÜHRLEINE BRAUN 18MM 200CM GENÄHT","4016598061077","35,99"
"06104","RONDO FÜHRLEINE SCHWARZ 18MM 200CM GENÄHT","4016598061046","35,99"
"06144","RONDO FÜHRLEINE SCHWARZ 18MM 240CM GENÄHT AUSSCHNALLBAR","4016598061442","47,99"
"03024","RONDO KETTENLEINE SCHWARZ 12MM 100CM GENIETET","4016598030240","11,99"
"513287","DOGX TO GO ROLLLEINE ROT GRÖßE L 9X7X2 6CM","5411290211413","24,95"
"513284","DOGX TO GO ROLLLEINE GRÜN GRÖßE L 9X7X2 6CM","5411290211383","24,95"
"513280","DOGX TO GO ROLLLEINE BLAU GRÖßE S 9X7X2 6CM","5411290211345","19,95"
"513285","DOGX TO GO ROLLLEINE BLAU GRÖßE L 9X7X2 6CM","5411290211390","24,95"
"513278","DOGX TO GO ROLLLEINE GRAU GRÖßE S 9X7X2 6CM","5411290211321","19,95"
"513282","DOGX TO GO ROLLLEINE ROT GRÖßE S 9X7X2 6CM","5411290211369","19,95"
"513286","DOGX TO GO ROLLLEINE GELB GRÖßE L 9X7X2 6CM","5411290211406","24,95"
"513279","DOGX TO GO ROLLLEINE GRÜN GRÖßE S 9X7X2 6CM","5411290211338","19,95"
"513283","DOGX TO GO ROLLLEINE GRAU GRÖßE L 9X7X2 6CM","5411290211376","24,95"
"513281","DOGX TO GO ROLLLEINE GELB GRÖßE S 9X7X2 6CM","5411290211352","19,95"
"39479","LEDERPFLEGE-SET FÜR GLATTLEDER 5 TEILIG","4016598394793","11,99"
"09309","RODEO HALSBAND GENIETET 30MM 52CM SCHWARZ/COGNAC","4016598093092","27,99"
"09308","RODEO HALSBAND GENIETET 30MM 47CM SCHWARZ/COGNAC","4016598093085","25,99"
"09306","RODEO HALSBAND GENIETET 16MM 37CM SCHWARZ/COGNAC","4016598093061","19,99"
"09305","RODEO HALSBAND GENIETET 14MM 32CM SCHWARZ/COGNAC","4016598093054","17,99"
"09307","RODEO HALSBAND GENIETET 26MM 42CM SCHWARZ/COGNAC","4016598093078","23,99"
"09310","RODEO HALSBAND GENIETET 34MM 57CM SCHWARZ/COGNAC","4016598093108","31,99"
"09316","RODEO FÜHRLEINE GENIETET 22MM 200CM SCHWARZ/COGNAC","4016598093160","44,99"
"09315","RODEO FÜHRLEINE GENIETET 16MM 200CM SCHWARZ/COGNAC","4016598093153","34,99"
"09318","RODEO LEINE GENIETET 22MM 100CM SCHWARZ/COGNAC","4016598093184","29,99"
"09317","RODEO LEINE GENIETET 16MM 100CM SCHWARZ/COGNAC","4016598093177","22,99"
"24641","VINTAGE FÜHRLEINE SCHWARZ  22MM 200CM SCHWARZ UNTERLEGT","4016598246412","69"
"25114","VINTAGE HALSBAND SCHWARZ  50MM 60CM MIT MOTIV 4 ECK NIETEN","4016598251140","45"
"25118","VINTAGE HALSBAND BRAUN  50MM 70CM MIT MOTIV 4 ECK NIETEN","4016598251188","49"
"25117","VINTAGE HALSBAND BRAUN  50MM 60CM MIT MOTIV 4 ECK NIETEN","4016598251171","45"
"25113","VINTAGE HALSBAND SCHWARZ  50MM 50CM MIT MOTIV 4 ECK NIETEN","4016598251133","39"
"25116","VINTAGE HALSBAND BRAUN  50MM 50CM MIT MOTIV 4 ECK NIETEN","4016598251164","39"
"25115","VINTAGE HALSBAND SCHWARZ  50MM 70CM MIT MOTIV 4 ECK NIETEN","4016598251157","49"
"65339","ART SPORTIV GESCHIRR ROT 10MM 25-40CM","4016598653395","5,49"
"65349","ART SPORTIV GESCHIRR SCHWARZ 25MM 65-100CM","4016598653494","15,99"
"65350","ART SPORTIV GESCHIRR BLAU 25MM 65-100CM","4016598653500","15,99"
"65346","ART SPORTIV GESCHIRR BLAU 20MM 45-70CM","4016598653463","9,99"
"65342","ART SPORTIV GESCHIRR BLAU 15MM 35-50CM","4016598653425","7,99"
"65351","ART SPORTIV GESCHIRR ROT 25MM 65-100CM","4016598653517","15,99"
"65337","ART SPORTIV GESCHIRR SCHWARZ 10MM 25-40CM","4016598653371","5,49"
"65345","ART SPORTIV GESCHIRR SCHWARZ 20MM 45-70CM","4016598653456","9,99"
"65341","ART SPORTIV GESCHIRR SCHWARZ 15MM 35-50CM","4016598653418","7,99"
"65347","ART SPORTIV GESCHIRR ROT 20MM 45-70CM","4016598653470","9,99"
"65343","ART SPORTIV GESCHIRR ROT 15MM 35-50CM","4016598653432","7,99"
"65338","ART SPORTIV GESCHIRR BLAU 10MM 25-40CM","4016598653388","5,49"
"60173","TEENY WEENY GESCHIRR ROT 15MM X 26-35CM","4016598601730","7,99"
"60175","TEENY WEENY GESCHIRR ROT 15MM X 36-46CM","4016598601754","9,99"
"60180","TEENY WEENY GESCHIRR PEPITA 15MM X 31-40CM","4016598601808","0"
"60181","TEENY WEENY GESCHIRR PEPITA 15MM X 36-46CM","4016598601815","0"
"60003","TEENY WEENY GESCHIRR SCHWARZ 15 MM X 31-40 CM","4016598600030","8,99"
"60001","TEENY WEENY GESCHIRR SCOTLAND  ROT KARIERT 15 MM X 26-35 CM","4016598600016","7,99"
"60178","TEENY WEENY GESCHIRR ENGLISH STYLE 15MM X 36-46CM","4016598601785","9,99"
"60174","TEENY WEENY GESCHIRR ROT 15MM X 31-40CM","4016598601747","8,99"
"60171","TEENY WEENY GESCHIRR HELLBLAU 15MM X 31-40CM","4016598601716","8,99"
"60176","TEENY WEENY GESCHIRR ENGLISH STYLE 15MM X 26-35CM","4016598601761","7,99"
"60008","TEENY WEENY GESCHIRR PINK PU LEDER 15 MM X 36-46 CM","4016598600085","9,99"
"60006","TEENY WEENY GESCHIRR SCHWARZ 15 MM X 36-46 CM","4016598600061","9,99"
"60177","TEENY WEENY GESCHIRR ENGLISH STYLE 15MM X 31-40CM","4016598601778","8,99"
"60170","TEENY WEENY GESCHIRR HELLBLAU 15MM X 26-35CM","4016598601709","7,99"
"60007","TEENY WEENY GESCHIRR SCOTLAND  ROT KARIERT 15 MM X 36-46 CM","4016598600078","9,99"
"60172","TEENY WEENY GESCHIRR HELLBLAU 15MM X 36-46CM","4016598601723","9,99"
"60005","TEENY WEENY GESCHIRR PINK  PU LEDER 15 MM X 31-40 CM","4016598600054","8,99"
"60002","TEENY WEENY GESCHIRR PINK PU LEDER 15 MM X 26-35 CM","4016598600023","7,99"
"60004","TEENY WEENY GESCHIRR SCOTLAND  ROT KARIERT 15 MM X 31-40 CM","4016598600047","8,99"
"60000","TEENY WEENY GESCHIRR SCHWARZ 15 MM X 26-35 CM","4016598600009","7,99"
"60179","TEENY WEENY GESCHIRR PEPITA 15MM X 26-35CM","4016598601792","7,99"
"60010","TEENY WEENY SLOGAN SET FÜR DAS MINI GESCHIRR BOY  5 5CM X 1 5CM","4016598600108","0"
"60009","TEENY WEENY SLOGAN SET FÜR DAS MINI GESCHIRR GIRL  5 5CM X 1 5CM","4016598600092","3,99"
"65429","ART SPORTIV PLUS GESCHIRR CROSS 25MM 64-80CM  SCHWARZ/SCHWARZ","4016598654293","16,99"
"65432","ART SPORTIV PLUS GESCHIRR CROSS 25MM 84-120CM  SCHWARZ/SCHWARZ","4016598654323","19,99"
"65437","ART SPORTIV PLUS GESCHIRR CROSS 25MM 64-80CM  SCHWARZ/ROT","4016598654378","16,99"
"65440","ART SPORTIV PLUS GESCHIRR CROSS 25MM 84-120CM  SCHWARZ/ROT","4016598654408","19,99"
"65435","ART SPORTIV PLUS GESCHIRR CROSS 25MM 52-60CM  SCHWARZ/ROT","4016598654354","14,99"
"65436","ART SPORTIV PLUS GESCHIRR CROSS 25MM 58-70CM  SCHWARZ/ROT","4016598654361","15,99"
"65428","ART SPORTIV PLUS GESCHIRR CROSS 25MM 58-70CM  SCHWARZ/SCHWARZ","4016598654286","15,99"
"65431","ART SPORTIV PLUS GESCHIRR CROSS 25MM 74-100CM  SCHWARZ/SCHWARZ","4016598654316","18,99"
"65439","ART SPORTIV PLUS GESCHIRR CROSS 25MM 74-100CM  SCHWARZ/ROT","4016598654392","18,99"
"65426","ART SPORTIV PLUS GESCHIRR CROSS 25MM 48-55CM  SCHWARZ/SCHWARZ","4016598654262","13,99"
"65433","ART SPORTIV PLUS GESCHIRR CROSS 15MM 42-50CM  SCHWARZ/ROT","4016598654330","11,99"
"65430","ART SPORTIV PLUS GESCHIRR CROSS 25MM 70-90CM  SCHWARZ/SCHWARZ","4016598654309","17,99"
"65438","ART SPORTIV PLUS GESCHIRR CROSS 25MM 70-90CM  SCHWARZ/ROT","4016598654385","17,99"
"65427","ART SPORTIV PLUS GESCHIRR CROSS 25MM 52-60CM  SCHWARZ/SCHWARZ","4016598654279","14,99"
"65425","ART SPORTIV PLUS GESCHIRR CROSS 15MM 42-50CM  SCHWARZ/SCHWARZ","4016598654255","11,99"
"65434","ART SPORTIV PLUS GESCHIRR CROSS 25MM 48-55CM  SCHWARZ/ROT","4016598654347","13,99"
"63459","ART SPORTIV KURZFÜHRER 20MM 25CM SCHWARZ","4016598634592","4,49"
"63390","ART SPORTIV LEINE 10MM 100CM BLAU","4016598633908","3,49"
"63389","ART SPORTIV LEINE 10MM 100CM SCHWARZ","4016598633892","3,49"
"63439","ART SPORTIV LEINE 20MM 100CM SCHWARZ","4016598634394","5,99"
"63440","ART SPORTIV LEINE 20MM 100CM BLAU","4016598634400","5,99"
"63441","ART SPORTIV LEINE 20MM 100CM ROT","4016598634417","5,99"
"63391","ART SPORTIV LEINE 10MM 100CM ROT","4016598633915","3,49"
"65377","ART SPORTIV LEINE 20MM 160CM SCHWARZ","4016598653777","8,99"
"63194","ART SPORTIV PLUS KOPPEL 20MM 30CM SCHWARZ  DUBLIERT","4016598631942","9,99"
"63830","ART SPORTIV FÜHRLEINE 25MM 200CM BLAU","4016598638309","12,99"
"63651","ART SPORTIV FÜHRLEINE 20MM 200CM ROT","4016598636510","9,99"
"63490","ART SPORTIV FÜHRLEINE 15MM 200CM ROT","4016598634905","7,99"
"63488","ART SPORTIV FÜHRLEINE 15MM 200CM SCHWARZ","4016598634882","7,99"
"63650","ART SPORTIV FÜHRLEINE 20MM 200CM BLAU","4016598636503","9,99"
"63489","ART SPORTIV FÜHRLEINE 15MM 200CM BLAU","4016598634899","7,99"
"63829","ART SPORTIV FÜHRLEINE 25MM 200CM SCHWARZ","4016598638293","12,99"
"63831","ART SPORTIV FÜHRLEINE 25MM 200CM ROT","4016598638316","12,99"
"63649","ART SPORTIV FÜHRLEINE 20MM 200CM SCHWARZ","4016598636497","9,99"
"65414","DOGY-JOGGER 25MM 65-120CM  SCHWARZ SPORTGURT MIT LEINE","4016598654149","29,99"
"63379","ART SPORTIV HALSBAND 25MM 45-65CM SCHWARZ VERSTELLBAR","4016598633793","6,49"
"63301","ART SPORTIV HALSBAND 20MM 40-55CM ROT VERSTELLBAR","4016598633014","4,99"
"63291","ART SPORTIV HALSBAND 15MM 30-45CM ROT VERSTELLBAR","4016598632918","3,99"
"63289","ART SPORTIV HALSBAND 15MM 30-45CM SCHWARZ VERSTELLBAR","4016598632895","3,99"
"63261","ART SPORTIV HALSBAND 10MM 20-35CM ROT VERSTELLBAR","4016598632611","2,99"
"63300","ART SPORTIV HALSBAND 20MM 40-55CM BLAU VERSTELLBAR","4016598633007","4,99"
"63380","ART SPORTIV HALSBAND 25MM 45-65CM BLAU VERSTELLBAR","4016598633809","6,49"
"63290","ART SPORTIV HALSBAND 15MM 30-45CM BLAU VERSTELLBAR","4016598632901","3,99"
"63381","ART SPORTIV HALSBAND 25MM 45-65CM ROT VERSTELLBAR","4016598633816","6,49"
"63299","ART SPORTIV HALSBAND 20MM 40-55CM SCHWARZ VERSTELLBAR","4016598632994","4,99"
"63260","ART SPORTIV HALSBAND 10MM 20-35CM BLAU VERSTELLBAR","4016598632604","2,99"
"63383","ART SPORTIV HALSBAND 40MM 55-75CM SCHWARZ VERSTELLBAR","4016598633830","9,99"
"63259","ART SPORTIV HALSBAND 10MM 20-35CM SCHWARZ VERSTELLBAR","4016598632598","2,99"
